{
	"format_version": "1.8.0",
	"animations": {
		"sprint": {
			"loop": true,
			"animation_length": 0.5833,
			"bones": {
				"Shark": {
					"rotation": {
						"0.0": {
							"vector": [0, 0, 0]
						},
						"0.125": {
							"vector": [0, -8.75, 0]
						},
						"0.1667": {
							"vector": [0, -10, 0]
						},
						"0.2083": {
							"vector": [0, -8.75, 0]
						},
						"0.2917": {
							"vector": [0, 0, 0]
						},
						"0.4167": {
							"vector": [0, 8.75, 0]
						},
						"0.5": {
							"vector": [0, 8.75, 0]
						},
						"0.5833": {
							"vector": [0, 0, 0]
						}
					}
				},
				"Thorax": {
					"rotation": {
						"0.0": {
							"vector": [0, 12.5, 0]
						},
						"0.0833": {
							"vector": [-1.82938, 13.63009, -7.71865]
						},
						"0.1667": {
							"vector": [-0.83484, 6.31528, -7.54606]
						},
						"0.2083": {
							"vector": [1.04029, -7.85181, -7.57139]
						},
						"0.2917": {
							"vector": [0, -15, 0]
						},
						"0.375": {
							"vector": [-1.82938, -13.63009, 7.71865]
						},
						"0.4167": {
							"vector": [-1.03896, -7.8419, 7.57121]
						},
						"0.5": {
							"vector": [0.38146, 2.895, 7.50964]
						},
						"0.5833": {
							"vector": [0, 12.5, 0]
						}
					}
				},
				"Abdomen": {
					"rotation": {
						"0.0": {
							"vector": [3.28396, 12.06754, 15.34721]
						},
						"0.0417": {
							"vector": [3.96713, 14.47751, 15.50409]
						},
						"0.1667": {
							"vector": [0, 12.5, 0]
						},
						"0.2083": {
							"vector": [0, 8.75, 0]
						},
						"0.2917": {
							"vector": [3.28396, -12.06754, -15.34721]
						},
						"0.3333": {
							"vector": [3.96713, -14.47751, -15.50409]
						},
						"0.4167": {
							"vector": [0, -15, 0]
						},
						"0.5": {
							"vector": [0, -8.75, 0]
						},
						"0.5833": {
							"vector": [3.28396, 12.06754, 15.34721]
						}
					}
				},
				"Tail": {
					"rotation": {
						"0.0": {
							"vector": [0, 27.5, 0]
						},
						"0.0417": {
							"vector": [0, 27.5, 0]
						},
						"0.0833": {
							"vector": [0, 26.43, 0]
						},
						"0.2083": {
							"vector": [0, 7.5, 0]
						},
						"0.3333": {
							"vector": [0, -27.5, 0]
						},
						"0.375": {
							"vector": [0, -27.5, 0]
						},
						"0.5": {
							"vector": [0, -7.5, 0]
						},
						"0.5833": {
							"vector": [0, 27.5, 0]
						}
					}
				},
				"Head": {
					"rotation": {
						"0.0": {
							"vector": [0, -7.5, 0]
						},
						"0.2917": {
							"vector": [0, 7.5, 0]
						},
						"0.5833": {
							"vector": [0, -7.5, 0]
						}
					}
				},
				"jaw": {
					"rotation": {
						"0.0": {
							"vector": [5, 0, 0]
						},
						"0.2917": {
							"vector": [12.5, 0, 0]
						},
						"0.5833": {
							"vector": [5, 0, 0]
						}
					}
				},
				"RightFin": {
					"rotation": {
						"0.0": {
							"vector": [0, 0, 2.5]
						},
						"0.2917": {
							"vector": [0, 0, -12.5]
						},
						"0.5833": {
							"vector": [0, 0, 2.5]
						}
					}
				},
				"LeftFin": {
					"rotation": {
						"0.0": {
							"vector": [0, 0, 15]
						},
						"0.2917": {
							"vector": [0, 0, -2.5]
						},
						"0.5833": {
							"vector": [0, 0, 15]
						}
					}
				},
				"L": {
					"rotation": {
						"vector": ["linear", "linear", "linear"]
					}
				},
				"R": {
					"rotation": {
						"vector": ["linear", "linear", "linear"]
					}
				},
				"Torso": {
					"rotation": {
						"0.0": {
							"vector": [0, 0, -5]
						},
						"0.2917": {
							"vector": [0, 0, 5]
						},
						"0.5833": {
							"vector": [0, 0, -5]
						}
					}
				}
			}
		},
		"land": {
			"loop": true,
			"animation_length": 4,
			"bones": {
				"Tail": {
					"rotation": {
						"0.0": {
							"vector": [-15.22074, 9.65594, -2.61298]
						},
						"0.5": {
							"vector": [-15.2064, 7.24086, -1.96201]
						},
						"1.0": {
							"vector": [-15.06839, -2.41414, 0.64974]
						},
						"1.5": {
							"vector": [-15.19961, -8.44856, 2.28544]
						},
						"2.0": {
							"vector": [-15.22074, -9.65594, 2.61298]
						},
						"2.5": {
							"vector": [-15.2064, -7.24086, 1.96201]
						},
						"3.0": {
							"vector": [-15.06839, 2.41414, -0.64974]
						},
						"3.5": {
							"vector": [-15.19961, 8.44856, -2.28544]
						},
						"4.0": {
							"vector": [-15.22074, 9.65594, -2.61298]
						}
					}
				},
				"RightFin": {
					"rotation": {
						"0.0": {
							"vector": [0, 0, 17.5]
						},
						"2.0": {
							"vector": [0, 0, 15]
						},
						"4.0": {
							"vector": [0, 0, 17.5]
						}
					},
					"position": {
						"0.0": {
							"vector": [0, 0, 0]
						},
						"2.0": {
							"vector": [0, 0.5, 0]
						},
						"4.0": {
							"vector": [0, 0, 0]
						}
					}
				},
				"LeftFin": {
					"rotation": {
						"0.0": {
							"vector": [0, 0, -17.5]
						},
						"2.0": {
							"vector": [0, 0, -15]
						},
						"4.0": {
							"vector": [0, 0, -17.5]
						}
					},
					"position": {
						"0.0": {
							"vector": [0, 0, 0]
						},
						"2.0": {
							"vector": [0, 0.5, 0]
						},
						"4.0": {
							"vector": [0, 0, 0]
						}
					}
				},
				"Head": {
					"position": {
						"0.0": {
							"vector": [0, 0, 0]
						},
						"2.0": {
							"vector": [0, 0.5, 0]
						},
						"4.0": {
							"vector": [0, 0, 0]
						}
					}
				},
				"Dorsal": {
					"rotation": {
						"0.0": {
							"vector": [-12.5, 0, 0]
						},
						"2.0": {
							"vector": [-17.5, 0, 0]
						},
						"4.0": {
							"vector": [-12.5, 0, 0]
						}
					},
					"position": {
						"0.0": {
							"vector": [0, 0, 0]
						},
						"2.0": {
							"vector": [0, 0.75, 0]
						},
						"4.0": {
							"vector": [0, 0, 0]
						}
					}
				},
				"Dorsal2": {
					"rotation": {
						"vector": ["linear", "linear", "linear"]
					}
				},
				"Torso3": {
					"position": {
						"0.0": {
							"vector": [0, 0, 0]
						},
						"2.0": {
							"vector": [0, 0.5, 0]
						},
						"4.0": {
							"vector": [0, 0, 0]
						}
					},
					"scale": {
						"0.0": {
							"vector": [1, 1, 1]
						},
						"2.0": {
							"vector": [1.05, 1.05, 1]
						},
						"4.0": {
							"vector": [1, 1, 1]
						}
					}
				},
				"bone2": {
					"position": {
						"0.0": {
							"vector": [0, 0, 0]
						},
						"2.0": {
							"vector": [-0.5, 0.5, 0]
						},
						"4.0": {
							"vector": [0, 0, 0]
						}
					}
				},
				"bone": {
					"position": {
						"0.0": {
							"vector": [0, 0, 0]
						},
						"2.0": {
							"vector": [0.5, 0.5, 0]
						},
						"4.0": {
							"vector": [0, 0, 0]
						}
					}
				},
				"Thorax": {
					"rotation": {
						"0.0": {
							"vector": [0, -5, 0]
						},
						"0.5": {
							"vector": [0, -6.25, 0]
						},
						"0.8333": {
							"vector": [0, -5, 0]
						},
						"2.0": {
							"vector": [0, 5, 0]
						},
						"2.5": {
							"vector": [0, 6.25, 0]
						},
						"2.8333": {
							"vector": [0, 5, 0]
						},
						"4.0": {
							"vector": [0, -5, 0]
						}
					}
				},
				"Abdomen": {
					"rotation": {
						"0.0": {
							"vector": [0, 7.5, 0]
						},
						"1.0417": {
							"vector": [0, -2.81, 0]
						},
						"2.0": {
							"vector": [0, -7.5, 0]
						},
						"3.0": {
							"vector": [0, 2.5, 0]
						},
						"4.0": {
							"vector": [0, 7.5, 0]
						}
					}
				},
				"L": {
					"rotation": {
						"vector": ["linear", "linear", "linear"]
					}
				},
				"R": {
					"rotation": {
						"vector": ["linear", "linear", "linear"]
					}
				},
				"under": {
					"rotation": {
						"vector": ["linear", "linear", "linear"]
					}
				},
				"jaw": {
					"rotation": {
						"0.0": {
							"vector": [5, 0, 0]
						},
						"2.0": {
							"vector": [15, 0, 0]
						},
						"4.0": {
							"vector": [5, 0, 0]
						}
					}
				}
			}
		},
		"bite": {
			"animation_length": 0.25,