{
	"format_version": "1.8.0",
	"animations": {
		"walk_slow": {
			"loop": true,
			"animation_length": 1,
			"bones": {
				"Head": {
					"position": {
						"0.0": {
							"vector": [-0.25, 0, 0]
						},
						"0.0833": {
							"vector": [-0.3, 0, 0]
						},
						"0.5": {
							"vector": [0.25, 0, 0]
						},
						"0.5833": {
							"vector": [0.3, 0, 0]
						},
						"1.0": {
							"vector": [-0.25, 0, 0]
						}
					}
				},
				"Torso": {
					"rotation": {
						"0.0": {
							"vector": [0, 5, -5]
						},
						"0.0833": {
							"vector": [-0.14607, 5.83015, -5.84395]
						},
						"0.5": {
							"vector": [0, -5, 5]
						},
						"0.5833": {
							"vector": [-0.14607, -5.83015, 5.84395]
						},
						"1.0": {
							"vector": [0, 5, -5]
						}
					}
				},
				"LeftArm": {
					"rotation": {
						"0.0": {
							"vector": [-8.56365, 30.40332, 2.85484]
						},
						"0.125": {
							"vector": [2.6122, 27.60417, 5.63347]
						},
						"0.5": {
							"vector": [6.78623, -19.48625, -5.2844]
						},
						"0.625": {
							"vector": [10, -17.5, 0]
						},
						"0.75": {
							"vector": [16.46736, -3.09318, 4.79645]
						},
						"1.0": {
							"vector": [-8.56365, 30.40332, 2.85484]
						}
					},
					"position": {
						"0.0": {
							"vector": [0, -0.75, 0]
						},
						"0.125": {
							"vector": [0, -0.5, 0.5]
						},
						"0.5": {
							"vector": [0, 0, 2]
						},
						"0.75": {
							"vector": [0, 1, 1]
						},
						"0.7917": {
							"vector": [0, 1, 1]
						},
						"1.0": {
							"vector": [0, -0.75, 0]
						}
					}
				},
				"Torso2": {
					"rotation": {
						"0.0": {
							"vector": [-2.3273, -24.89837, 10.51385]
						},
						"0.0833": {
							"vector": [-0.99277, -21.645, 6.02312]
						},
						"0.5": {
							"vector": [-2.3273, 24.89837, -10.51385]
						},
						"0.5833": {
							"vector": [-0.99277, 21.645, -6.02312]
						},
						"1.0": {
							"vector": [-2.3273, -24.89837, 10.51385]
						}
					}
				},
				"LeftLeg": {
					"rotation": {
						"0.0": {
							"vector": [6.78623, -19.48625, -5.2844]
						},
						"0.125": {
							"vector": [10, -17.5, 0]
						},
						"0.25": {
							"vector": [16.46736, -3.09318, 4.79645]
						},
						"0.5": {
							"vector": [-8.56365, 30.40332, 2.85484]
						},
						"0.625": {
							"vector": [2.6122, 27.60417, 5.63347]
						},
						"1.0": {
							"vector": [6.78623, -19.48625, -5.2844]
						}
					},
					"position": {
						"0.0": {
							"vector": [0, -1, 1]
						},
						"0.25": {
							"vector": [0, 1, 1]
						},
						"0.2917": {
							"vector": [0, 1, 1]
						},
						"0.5": {
							"vector": [0, -0.75, 0]
						},
						"0.625": {
							"vector": [0, -0.5, 0.5]
						},
						"1.0": {
							"vector": [0, -1, 1]
						}
					}
				},
				"RightArm": {
					"rotation": {
						"0.0": {
							"vector": [6.78623, 19.48625, 5.2844]
						},
						"0.125": {
							"vector": [10, 17.5, 0]
						},
						"0.25": {
							"vector": [16.46736, 3.09318, -4.79645]
						},
						"0.5": {
							"vector": [-8.56365, -30.40332, -2.85484]
						},
						"0.625": {
							"vector": [2.6122, -27.60417, -5.63347]
						},
						"1.0": {
							"vector": [6.78623, 19.48625, 5.2844]
						}
					},
					"position": {
						"0.0": {
							"vector": [0, 0, 2]
						},
						"0.25": {
							"vector": [0, 1, 1]
						},
						"0.2917": {
							"vector": [0, 1, 1]
						},
						"0.5": {
							"vector": [0, -0.75, 0]
						},
						"0.625": {
							"vector": [0, -0.5, 0.5]
						},
						"1.0": {
							"vector": [0, 0, 2]
						}
					}
				},
				"RightLeg": {
					"rotation": {
						"0.0": {
							"vector": [-8.56365, -30.40332, -2.85484]
						},
						"0.125": {
							"vector": [2.6122, -27.60417, -5.63347]
						},
						"0.5": {
							"vector": [6.78623, 19.48625, 5.2844]
						},
						"0.625": {
							"vector": [10, 17.5, 0]
						},
						"0.75": {
							"vector": [16.46736, 3.09318, -4.79645]
						},
						"1.0": {
							"vector": [-8.56365, -30.40332, -2.85484]
						}
					},
					"position": {
						"0.0": {
							"vector": [0, -0.75, 0]
						},
						"0.125": {
							"vector": [0, -0.5, 0.5]
						},
						"0.5": {
							"vector": [0, -1, 1]
						},
						"0.75": {
							"vector": [0, 1, 1]
						},
						"0.7917": {
							"vector": [0, 1, 1]
						},
						"1.0": {
							"vector": [0, -0.75, 0]
						}
					}
				},
				"Baby": {
					"position": {
						"vector": [-1.5, 0, 0]
					},
					"scale": {
						"vector": [1.5, 1.5, 1.5]
					}
				}
			}
		},
		"walk": {
			"loop": true,
			"animation_length": 0.9091,
			"bones": {
				"Head": {
					"position": {
						"0.0": {
							"vector": [-0.25, 0, 0]
						},
						"0.0758": {
							"vector": [-0.3, 0, 0]
						},
						"0.4545": {
							"vector": [0.25, 0, 0]
						},
						"0.5303": {
							"vector": [0.3, 0, 0]
						},
						"0.9091": {
							"vector": [-0.25, 0, 0]
						}
					}
				},
				"Torso": {
					"rotation": {
						"0.0": {
							"vector": [0, 5, -5]
						},
						"0.0758": {
							"vector": [-0.14607, 5.83015, -5.84395]
						},
						"0.4545": {
							"vector": [0, -5, 5]
						},
						"0.5303": {
							"vector": [-0.14607, -5.83015, 5.84395]
						},
						"0.9091": {
							"vector": [0, 5, -5]
						}
					}
				},
				"LeftArm": {
					"rotation": {
						"0.0": {
							"vector": [-8.56365, 30.40332, 2.85484]
						},
						"0.1136": {
							"vector": [2.6122, 27.60417, 5.63347]
						},
						"0.4545": {
							"vector": [6.78623, -19.48625, -5.2844]
						},
						"0.5682": {
							"vector": [10, -17.5, 0]
						},
						"0.6818": {
							"vector": [16.46736, -3.09318, 4.79645]
						},
						"0.9091": {
							"vector": [-8.56365, 30.40332, 2.85484]
						}
					},
					"position": {
						"0.0": {
							"vector": [0, -0.75, 0]
						},
						"0.1136": {
							"vector": [0, -0.5, 0.5]
						},
						"0.4545": {
							"vector": [0, 0, 2]
						},
						"0.6818": {
							"vector": [0, 1, 1]
						},
						"0.7197": {
							"vector": [0, 1, 1]
						},
						"0.9091": {
							"vector": [0, -0.75, 0]
						}
					}
				},
				"Torso2": {
					"rotation": {
						"0.0": {
							"vector": [-2.3273, -24.89837, 10.51385]
						},
						"0.0758": {
							"vector": [-0.99277, -21.645, 6.02312]
						},
						"0.4545": {
							"vector": [-2.3273, 24.89837, -10.51385]
						},
						"0.5303": {
							"vector": [-0.99277, 21.645, -6.02312]
						},
						"0.9091": {
							"vector": [-2.3273, -24.89837, 10.51385]
						}
					}
				},
				"LeftLeg": {
					"rotation": {
						"0.0": {
							"vector": [6.78623, -19.48625, -5.2844]
						},
						"0.1136": {
							"vector": [10, -17.5, 0]
						},
						"0.2273": {
							"vector": [16.46736, -3.09318, 4.79645]
						},
						"0.4545": {
							"vector": [-8.56365, 30.40332, 2.85484]
						},
						"0.5682": {
							"vector": [2.6122, 27.60417, 5.63347]
						},
						"0.9091": {
							"vector": [6.78623, -19.48625, -5.2844]
						}
					},
					"position": {
						"0.0": {
							"vector": [0, -1, 1]
						},
						"0.2273": {
							"vector": [0, 1, 1]
						},
						"0.2652": {
							"vector": [0, 1, 1]
						},
						"0.4545": {
							"vector": [0, -0.75, 0]
						},
						"0.5682": {
							"vector": [0, -0.5, 0.5]
						},
						"0.9091": {
							"vector": [0, -1, 1]
						}
					}
				},
				"RightArm": {
					"rotation": {
						"0.0": {
							"vector": [6.78623, 19.48625, 5.2844]
						},
						"0.1136": {
							"vector": [10, 17.5, 0]
						},
						"0.2273": {
							"vector": [16.46736, 3.09318, -4.79645]
						},
						"0.4545": {
							"vector": [-8.56365, -30.40332, -2.85484]
						},
						"0.5682": {
							"vector": [2.6122, -27.60417, -5.63347]
						},
						"0.9091": {
							"vector": [6.78623, 19.48625, 5.2844]
						}
					},
					"position": {
						"0.0": {
							"vector": [0, 0, 2]
						},